sentence_id,speaker,text,timestamp_start,timestamp_end,session,speaker_role,lm_positive,lm_negative,lm_net_sentiment,word_count
0,Travis Axelrod,"Good afternoon, everyone, and welcome to Tesla's Third Quarter 2024 Q&A Webcast. My name is Travis Axelrod, Head of Investor Relations, and I'm joined today by Elon Musk, Vaibhav Taneja, and a number of other executives. Our Q3 results were announced at about 3:00 p.m. Central Time in the update deck we published at the same link as webcast.
During this call, we will discuss our business outlook and make forward-looking statements. These comments are based on our predictions and expectations as of today. Actual events or results could differ materially due to a number of risks and uncertainties, including those mentioned in our most recent filings with the SEC. [Operator Instructions] Before we jump into Q&A, Elon has some opening remarks. Elon?",,,management_discussion,executive,1.0,0.0,0.008,125.0
1,Elon Musk,"Thank you. So to recap, as someone was saying, something that what the industry was seeing year-over-year declines in order volumes in Q3. Tesla at the same time has achieved record deliveries. In fact, I think if you look at EV companies worldwide, to the best of my knowledge, no EV company is even profitable. And I'm not -- to the best of my knowledge, there was no EV division of any company, of any existing car company that is profitable.
So it is notable that Tesla is profitable despite a very challenging automotive environment, and this quarter actually is a record Q3 for us. So we produced our [ seventh million ] vehicle actually just yesterday, so congratulations to the teams that made it happen in Tesla. That's staggering the immense amount of work to make 7 million cars. So you see, we all have -- the energy storage business is growing like wildfire with strong demand for both Megapack and Powerwall.
And as you all know, on October 10, we laid out a vision for an autonomous and future that I think is very compelling that the Tesla team did a phenomenal job there with actually giving people an option to experience the future, where you have humanoid robots working among the craft, not with a canned video and a presentation or anything but walking among crowd so he drinks and whatnot. And we had 50 autonomous vehicles. There were 20 Cybercabs but there were an additional 30 Model Ys, operating fully autonomously the entire night, carrying thousands of people with no incidents the entire night.
And all those who went there that worth emphasizing that the Cybercab had no steering wheel or brake or accelerator panels, meaning there was no way for anyone to intervene manually a unit if they wanted to and the whole night went very smoothly.
So regarding the vehicle business, we are still on track to deliver our affordable models starting in the first half of 2025. This is -- I think probably people want should they assume for vehicle sales growth next year. And at the risk of -- to take a bit of risk here, I do want to give some rough estimate, which I think it's 20% to 30% vehicle growth next year, notwithstanding negative external events, like if there's some force majeure events, like some big war breaks out or interest rates go sky high or something like that. We can't overcome massive force majeure events.
But I think with our lower-cost vehicles with the advent of autonomy, something like a 20% to 30% growth next year is my best guess. And then Cybercab reaching volume production in '26. I do feel confident of Cybercab reaching volume production in '26, just starting production, reaching volume production in '26. And that should be substantial, but we're aiming for at least 2 million units a year of Cybercab. That will be in more than 1 factory but I think it's at least 2 million units a year, maybe 4 million ultimately.
So yes, these are just my best guesses but if you ask me my best guesses, those are my best guesses. The cell 4680 lines, the team is actually doing great work there. The 4680 is rapidly approaching the point where it is the most competitive cell. So when you consider the fully landed -- the cost of a battery pack fully landed in the U.S., net of incentives and duties, 4680 is tracking to be the most competitive, maybe lower cost per kilowatt hour, fully considered than any other alternative, which is -- we're not quite there yet but we're close to being there, which I think is extremely exciting.
And we've got several -- a lot of ideas to go well beyond that. So I think there's -- if we execute well, the 4680 -- we'll have the -- the Tesla internally produced cell will be the most cost competitive cell in North America, a testament to the tremendous amount of hard work there done by the team. So that's to say we'll continue to buy a lot of cells from our competitors. I tend not to -- to provide -- to make cells just internally. So I don't want to sort of here.
We're obviously increasing substantially our vehicle output and our stationary storage output so we need a lot of cells. And most of them will still come from suppliers. But I think it is some good news that the Tesla internal cell is likely to be the most competitive in the U.S.
So with respect to autonomy, as people are experiencing in the cars really from week to week, there are significant improvements and the miles between interventions. So with the new version 12.5 release of [indiscernible] and Cybertruck, combining the code into a single stack so that the city driving and the engine and highway driving are 1 stack, which is a big improvement for the highway driving. So it's just all neural nets. And the release of actually Smart -- we try to have a sense of humor here.
And we're also -- so that's 12.5. Version 13 of FSD is going out soon. will elaborate more on that later in the call. We expect to see roughly a 5- or 6-fold improvement in miles between interventions compared to 12.5. And actually, looking at the year as whole, the improvement in miles interventions, we think will be at least [indiscernible] So that's a very dramatic improvement in the course of the year, and we expect that trend to continue next year.
So the current total expectation, internal expectation for the Tesla FSD having longer miles [indiscernible] human is the second quarter of next year, which means it may end up being in the third quarter but it's next -- it seems extremely likely to be next year. Ashok, do you want to maybe",,,management_discussion,musk,22.0,7.0,0.015723270440251572,954.0
2,Ashok Elluswamy,"Yes. miles between critical interventions, mentioned by Elon already made 100x improvement with 12.5 from starting of this year and then with v13 release, we expect to be 1,000x from the beginning, from January of this year on production software. And this came in because of technology improvements going to end-to-end, having higher frame rate, partly also helped by hardware force, more capabilities, so on. And we hope that we continue to scale the neural network, the data, the training compute, et cetera. By Q2 next year, we should cross over the average, even in miles per critical intervention [indiscernible] in that case.",,,management_discussion,executive,2.0,0.0,0.019230769230769232,104.0
3,Elon Musk,"I mean, that is just, unvarnished, our internal estimate.",,,management_discussion,musk,0.0,0.0,0.0,9.0
4,Ashok Elluswamy,Yes.,,,management_discussion,executive,0.0,0.0,0.0,1.0
5,Elon Musk,"So that's not sandbagging or anything else. Our internal estimate is Q2 of next year to be safer than human and then to continue with rapid improvements thereafter.
A vast majority of humanity has no idea that Tesla could drive themselves so especially for something like a Model 3 or Model Y, it looks like a normal car. So you don't expect a normal car to be able to be intelligent enough to drive itself. A Cybercab looks different. A Cybertruck looks different, but Model Y and Model 3 are, look, they're good-looking cars, but look at the fairly normal. You don't expect a fairly normal looking car to have the intelligence, enough AI to be able to drive itself. But it does.
So we do want to expose that to more people, and so we're doing -- every time we have a significant improvement in the software, we'll roll out another sort of 30-day trial so to encourage people to try it again. And we are seeing a significant improvement in adoption. So the take rate for FSD has improved substantially, especially after the 10/10 event.
Yes. So there's no need to wait for robotaxi or Cybercab to experience full autonomy. We expect to achieve that next year with the -- with our existing vehicle line.",,,management_discussion,musk,8.0,1.0,0.03286384976525822,213.0
6,Ashok Elluswamy,"I wanted to actually someone gives a small taste of what it's going to look like, the car able to drive itself to the user within private parking lots. Currently, it's speed-limited but then it's going to quickly be increased. We already had more than 1 billion usage in terms of smart",,,management_discussion,executive,1.0,0.0,0.019230769230769232,52.0
7,Elon Musk,"Yes, and we actually -- we have for Tesla employees in the Bay Area, we already are offering ridehailing capabilities. So you can actually, with the development app, you can request a ride and it will take you anywhere in the Bay Area. We do have a safety driver for now but it's not required to do that. We've developed. And I mean, David, do you want to elaborate on that?",,,management_discussion,musk,0.0,0.0,0.0,70.0
8,David Lau,"Yes, sure. It's David. We showed some screenshots of this in the Q1 shareholder deck, and this is real. We've been testing it for the good part of the year. And the building blocks that we needed in order to build this functionality and deliver it to production, we've been thinking about working on for years.
It just so happens that we've used those building blocks to deliver great features for our customers in the meantime, such as sharing your profile, synchronizing it across cars so that every single car that you jump into, whether it's another car that you own or a car that somebody has loaned to you or a rental car that you jump into, it looks exactly like yours. Everything synchronized, seat mirror positions, media, navigation, everything is the same, just what you would expect from one of our robotaxis.
But we gave that functionality to our customers right now because we've built it intending for it to be used in the future, but we're releasing that functionality now. All the end-to-end cybersecurity that we knew we were going to need to deliver that functionality, sending a navigation destination from your phone to the vehicle. And so we're doing that now with the the ridehailing app, but it's something that we've made available to customers for years.
Seeing the progress on a route in the mobile app, that's something you'll need for the ridehailing app, but again, we released it in the meantime. So it's not like we're just starting to think about this stuff right now while we're building out the early stages of our ridehailing network. We've been thinking about this for quite a long time, and we're excited to get the functionality out there.",,,management_discussion,executive,3.0,0.0,0.010238907849829351,293.0
9,Elon Musk,"Yes. And we do expect to roll out ridehailing in California and Texas next year to the public. Now California is somewhere -- there's quite a long regulatory approval process. I think we should get approval next year but it's contingent upon regulatory approval. Texas is a lot faster so it's -- we'll definitely have available in Texas and probably have it available in California, subject to regulatory approval.
And then -- and maybe some other states actually next year as well, but at least California and Texas. So I think that would be very exciting. That's really a profound change. Tesla becomes more than a sort of vehicle and a battery manufacturing company at that point. So we published Q3 vehicle safety report, which shows 1 pack for every [indiscernible] pilot that compressed the U.S. average of crash roughly every 700,000 miles. So it's currently showing a 10x safety improvement relative to the U.S. average.
And we continue to expand our AI training capacity to accommodate the needs of both FSD and Optimus. We are currently not training compute-constrained. [indiscernible] probably the big limiting factors of the FSD is actually getting so good that it takes us a while to actually find mistakes. And when you start getting to where it can take 10,000 miles to find a mistake, it takes a while to actually figure out which it is, is software A better than software B? It actually takes a while to figure it out because neither 1 of them makes the mistakes, would take a long time to make mistakes. So it's actually the single biggest limiting factor is how long does it take us to figure out which version is better? Sort of a high-class problem.
Obviously, having a giant fleet is very helpful for breaking this out. And then with Optimus, we showed a mass improvement in Optimus exterior movement on October 10. And our next-gen which is 22 degrees freedom, which is double the prior and for. It's extremely human-like and so it's much better at tactile sensing. It's really -- I feel confident in saying that we have the most advanced humanoid robot by a long shot. And we're moreover the only company that really has all of the ingredients necessary to scale humanoid robots.
Because the things that what other companies are missing is that they're missing the AI brain, that they're missing people to really scale to very high-volume production. So you see some impressive video demos, but what like the localized AI and the volume to very high numbers. As I've said on a few occasions before, I think Optimus will ultimately be [indiscernible] part so I think has a good chance of being the most viable product that we made.
For the energy business, that's doing extremely well. And [indiscernible] ahead is The Lathrop Megapack factory reached 200 Megapacks a week, which is now a 40 gigawatt hour a year run rate. And we have a second factory in Shanghai that will begin with the 20 gigawatt hour year run rate in Q1 next year so next quarter. And that will also scale out. It won't be long before we're shipping 100 gigawatt hours a year stationary storage at Tesla.
And will that -- I mean, -- that will ultimately grow, I think, to multiple terawatt hours per year. It has to actually in order to have a sustainable energy future. If you're not at the terawatt scale, you're not really moving the needle. So if you look at our very complicated last master plan, which I think actually is too much detail, I'll maybe ask to analyze it and give us the TLDR on the management plan.
We shared in that master plan that it is possible to take all of us to a fully sustainable energy situation using sustainable energy, power generation and batteries and electric transport. And there were no fundamental material limitations, like there's not some very rare material that we don't have enough of. We actually have enough with raw materials to take all of human civilization, make it fully sustainable and dramatically increased its trust usage would still be fully sustainable.
One way to think of the progress of a civilization space a little esoteric but is percentage completion of at scale. So [indiscernible] scale, 1 would be you're using all the power of a planet. We're currently less than 1% on Level 1. Level 2 would be using all the power of the sun, and Level 3, all of power of the galaxy so we've got a long way to go, long way to go.
When you think in terms, it becomes obvious that by far, the biggest source of energy is the sun. Everything else is in the. So concluding, Tesla is focused on building the future of energy, transport, robotics and AI. And this is a time when others are just focused on managing around near-term trends. We think what we're doing is the right approach. And if we execute on our objectives, I think we will, my prediction is Tesla will become the most valuable company in the world and probably by a long shot.
I want to thank the Tesla team once again for strong execution in a tough operating environment, and we're looking forward to building an incredibly exciting future. Thank you.",,,management_discussion,musk,15.0,7.0,0.009070294784580499,882.0
10,Travis Axelrod,"Great. Thank you very much, Elon. And Vaibhav has some opening remarks as well.",,,management_discussion,executive,0.0,0.0,0.0,14.0
11,Vaibhav Taneja,"Thanks. Our Q3 results were positive and once again demonstrate the scale to which the business has evolved or with generation of record operating cash flows of $6.3 billion. Our automotive revenues grew both quarter-on-quarter and year-on-year. While we had unit volume growth, we did experience a reduction in ASPs primarily due to the impact of financing incentives. As a reminder, we are providing these incentives primarily using third-party banks and financial institution and recognize the cost of these incentives as an upfront reduction to revenue.
We released FSD for Cybertruck and other features like actually small [indiscernible] like Elon talked about in North America, which contributed $326 million of revenues in the quarter. We continue to see elevated levels of revenue [indiscernible] sales with over $2 billion of revenues so far this year. To expand on this at an industry level, China continues to outperform U.S. and Europe by a factor of 3. And if there is something to be learned from that, this gives a signal of what is to come in other regions. As customers' acceptance of EV growth, we feel that is the right strategy to build affordable and more compelling leads.
Our focus remains on growing unit volume while avoiding a buildup of inventory. To support this strategy, we're continuing to offer extremely compelling vehicle financing options in When you compare any vehicle in our lineup with other OEMs, we believe our vehicles provide much better value, particularly when you consider the safety features, performance and unparalleled software functionalities, like David also talked about, include also what Ashok had talked about around autonomy, music options, parental controls, and much more.
While every vehicle in our lineup comes up with these capabilities, there is an awareness gap not just with buyers but at times even with existing owners. We plan on making these more visible in our interactions with both existing and future customers. Automotive margins improved quarter-over-quarter as a result of a feature release discussed before. Increase in our overall production and delivery volume, benefit from the marketing pricing and more localized deliveries in region, which resulted in lower freight",,,management_discussion,executive,5.0,0.0,0.013927576601671309,359.0
12,Vaibhav Taneja,"Sustaining these margins in Q4, however, will be challenging, given the current economic environment. Note that we are focused on the cost per vehicle, and there are numerous work streams within the company to squeeze out cost without compromising on customer experience.",,,management_discussion,executive,0.0,1.0,-0.023809523809523808,42.0
13,Elon Musk,"Yes. I'm assuming that's a helpful -- hopefully a helpful macro trend is if there's a decline in interest rates, this has a massive effect on the automotive demand because the vast majority of people is -- the demand is driven by the monthly payment. Can they afford monthly payment? So most likely, we'll see continue to decline in interest rates, which helps with affordability of vehicles.",,,management_discussion,musk,0.0,2.0,-0.03076923076923077,65.0
14,Vaibhav Taneja,"Yes. I mean, that is 1 trend which we observed in the industry that because of the affordability being impacted because of interest rates, people are wanted the cars longer, especially in the U.S. And that is actually having an impact on the overall industry, too. As we discussed earlier, as we discussed in back orders, energy deployments fluctuate quarter-on-quarter due to customer readiness, location of orders being fulfilled, and not necessarily an indicator of demand of production within the quarter.
While we did see a decline in Q3, we expect to grow deployment sequentially in Q4 to end the year with more than double of last year. Energy margins in Q3 were a record at more than 30%. This is a function of mix of projects being deployed in the quarter. Note that there will be fluctuation in margins as we manage through deployments and our inventory. Our pipeline and backlog continue to grow quarter-over-quarter as we fill our 2025 production slots, and we are doing our best to keep up with the demand.
Just coming back on automotive margins. I talked about -- sorry, I talked about what is happening. One other thing which I want to also share is that we're seeing -- that we will continue to keep whatever we can to, like I said before, about squeezing of the cost. But this is something which we also are very capable of. I mean, just in Q3, we faced our lowest cost per vehicle, and that is a trend which we want to keep focused on.
Then going on to service and other. We continue to show improvements in Q3. This was a result of better performance, both in our service  as well as it includes collision, part sales, and merchandise and continued growth in supercharging. These fee-based revenues will continue to grow as the overall fleet size increases. Our operating expenses declined quarter-over-quarter and on year-on-year basis. This is partially due to the restructuring we undertook in Q2. Cost savings from these initiatives were partially offset by increase in costs related to our AI efforts.
We've started using the GPU cluster based out of our factory house and ahead of schedule and are on track to get 50,000 GPUs deployed in Texas by the end of this month. One thing which I'd like to elaborate is that we're being really judicious on our AI compute spend to and saying how best we can utilize the existing infrastructure before making further investments. On the CapEx front, we had about $3.5 billion in the quarter. This was a sequential increase largely because of investments in AI compute. We now expect our CapEx for the year to be in excess of $11 billion.
We shared our vision for the future at the event at the beginning of the month. The Tesla team is hyper-focused on delivering on that version. All efforts are underway to make it a reality. While we've achieved significant progress this year, it will take time to get this as we find new and incredibly complex technologies and navigate a fragmented regulatory landscape. The future is incredibly bright, and I want to thank the Tesla team once again for all their help.",,,management_discussion,executive,8.0,4.0,0.007407407407407408,540.0
15,Travis Axelrod,"Great. Thank you very much, Vaibhav. Now we'll go to investor questions. The first 1 is, is Tesla still on track to deliver the more affordable model next year as mentioned by Elon earlier? And how does it align with your AI and product road map?",,,management_discussion,executive,0.0,1.0,-0.022222222222222223,45.0
16,Lars Moravy,"Sure. I mean, as Elon and Vaibhav both said, we are on plan to meet that in the first half of next year. Ambition has always been to lower the cost of our vehicles to increase the adoption of sustainable energy and transport. Part of that is lowering the cost of our current vehicles, which is where all of the personally-owned vehicles that we sell today come in. But the next stage in that, really as it fits into AI road map, is well as we bring in robotaxis, which lowers the initial cost of getting into an EV and those -- that's really where we see the marriage of EV road map and the AI road map.",,,management_discussion,executive,0.0,0.0,0.0,118.0
17,Elon Musk,"Yes. It will be like with incentive [ sub-30,000 ], which is kind of a key threshold.",,,management_discussion,musk,0.0,0.0,0.0,15.0
18,Travis Axelrod,"Great. Thank you very much. Similar question next, when can we expect Tesla to give us the $25,000 non-robotaxi regular car model?",,,management_discussion,executive,0.0,1.0,-0.045454545454545456,22.0
19,Elon Musk,We're not breaking it on...,,,management_discussion,musk,0.0,0.0,0.0,5.0
20,Lars Moravy,"Yes, all our vehicles today [indiscernible]",,,management_discussion,executive,0.0,0.0,0.0,6.0
21,Elon Musk,"So I think we've made very clear that we're -- the future is autonomous. I mean, it's going to be -- I've actually said this many years ago, but that in my strong belief and I believe that is panning out to be true, very obvious retrospect is that the future is autonomous electric vehicles. And nonautonomous gasoline vehicles here will be like riding a horse and using a foot bone. It's not that there are no horses. Yes, there are some but they're unusual. They're niche.
And so everything is going to be electric autonomous. I think this is like it should be, frankly, blindingly obvious at this point, that is the future. So a lot of automotive companies, most of the companies have not internalized this, which is surprising because we're shouting from the rooftops for such a long time. And it will accrue to their detriments in the future. But all of our vehicles in the future will be autonomous.
Yes. So all the vehicles that we've really made, almost 7 million vehicles, the vast majority are capable of autonomy. And we're currently making on the order of 35,000 autonomous vehicles a week to say Waymo's entire fleet is less than -- they've less than 1,000 corners. We're making 35,000 a week.",,,management_discussion,musk,1.0,1.0,0.0,208.0
22,Lars Moravy,Yes. And our cars look normal.,,,management_discussion,executive,0.0,0.0,0.0,6.0
23,Elon Musk,"Yes, they mostly look normal. The Cybertruck looks abnormal. And the Cybercab, robotaxi, we wanted to have something futuristic looking, and I think it does look futuristic.
It's worth going with respect to the Cybercab, it's not -- it's especially not just a revolutionary vehicle design but a revolution in vehicle manufacturing that was also coming with the Cybercab. The cycle times like the units per hour of the Cybercab line, it is -- like this is just really something special. I mean, this is [indiscernible] of than other car manufacturing lines, like -- not even the same league is what I'm saying, not in the same league. So it's -- and I said like several years ago that maybe the most -- the hottest Tesla be the battery, just like by a factory.",,,management_discussion,musk,0.0,1.0,-0.007751937984496124,129.0
24,Lars Moravy,"Yes, can't reverse [indiscernible] factory",,,management_discussion,executive,0.0,0.0,0.0,5.0
25,Elon Musk,"Yes. It's like [indiscernible] And as we -- so we're rapidly evolving our manufacturing technology. So anyway, basically, I think having a regular $25,000 model is pointless. It would be silly, like completely at odds with what we believe.",,,management_discussion,musk,0.0,0.0,0.0,37.0
26,Lars Moravy,"In autonomous world, what matters is lowest cost per mile of efficiency of that vehicle. And that's what we've done with the robotaxi.",,,management_discussion,executive,1.0,0.0,0.043478260869565216,23.0
27,Elon Musk,"Exactly. It's fully considered cost per mile is what matters. And if you try to make a car that is essentially a hybrid, manual, automatic car, it's not going to be as good as a dedicated autonomous car. So yes, Cybercab is just not going to have stairwells and you design optimize for autonomous. It will cost on the order of cost roughly $25,000, so it is a $25,000. And you can -- you will be able to buy 1 exclusively if you want. So just what have [indiscernible]",,,management_discussion,musk,3.0,0.0,0.03529411764705882,85.0
28,Travis Axelrod,"Great. The next question is, what is Tesla doing to alleviate long wait times at service centers?",,,management_discussion,executive,0.0,1.0,-0.058823529411764705,17.0
29,Unknown Executive,So we aim on solving problems at the source so at the factory before they can even affect our customers. We believe the best service is no service. And really don't even...,,,management_discussion,other,2.0,1.0,0.03125,32.0
30,Elon Musk,"The car doesn't break, that's the best thing.",,,management_discussion,musk,1.0,1.0,0.0,8.0
31,Unknown Executive,"Don't see what the test you get to do to fix the issue upstream or you would remotely do through software, maybe at work or at home and part. And we've addressed the fixed issue. And we've partnered the field with service to make sure we're looking at the same issues. And additionally, just in Q2 and Q4 of this year alone, we have opened and will open in total of nearly 70 locations. And in North America, we significantly expand the size of each location and have doubled the size last year compared to this year.",,,management_discussion,other,0.0,0.0,0.0,96.0
32,Elon Musk,"Yes. I think it was like actually a lot of merit of having large service centers because you can have specialization of labor. You can start your approach. Yes, it should be more factory-like where you can have dedicated lanes for particular types of service. And it's way easier for somebody to become expert in a few different types of repairs than in every repair.",,,management_discussion,musk,1.0,0.0,0.015151515151515152,66.0
33,Unknown Executive,"Exactly. This has helped us with the base that the heavy repairs, like, the dedicated lanes for different type of repairs. And so it's through really treating it like a factory.",,,management_discussion,other,0.0,0.0,0.0,31.0
34,Elon Musk,"Yes. This is where a Tesla structure, I think, a strong advantage relative to the rest of the auto industry because we make the cars and we service the cars, whereas I think there's a bit of a conflict of interest with the dealer model and the traditional OEM and dealer model where the dealerships make most of their money on service. And so they don't -- they obviously assistance to reduce the servicing cost, whereas in our case, we are incented to reduce the service and cost because we carry that servicing cost. And we've got a good feedback with our cars.",,,management_discussion,musk,3.0,1.0,0.0196078431372549,102.0
35,Unknown Executive,"Yes. With the factory, with the service leaders together, it's sent people from the factors that feel you feel for the factory to see it firsthand by suggestions for manufacturing as well as for engineering on design.",,,management_discussion,other,0.0,0.0,0.0,37.0
36,Elon Musk,Yes. So I view this as a structural -- a fundamental structural advantage of Tesla versus the rest of the auto industry.,,,management_discussion,musk,1.0,0.0,0.047619047619047616,21.0
37,Unknown Executive,"do a bunch of work on the software side to omni diagnostics, identifying what needs to be done to before it comes into service, but also automating all of the preparation work and aligning all the resources that are necessary in order for the car be very efficiently worked on once it arrives. So the parts are there, like the lift is scheduled, the technician schedule, like everything do this was wrong with me and tell until the service center can",,,management_discussion,other,1.0,1.0,0.0,81.0
38,Drew Baglino,Everything ready in the.,,,management_discussion,executive,0.0,0.0,0.0,4.0
39,Elon Musk,Who expects me and this is what's wrong.,,,management_discussion,musk,0.0,1.0,-0.125,8.0
40,Unknown Executive,"Instead a customer trying to translate, the car is telling us directly and we're pulling that",,,management_discussion,other,0.0,0.0,0.0,16.0
41,Elon Musk,"Yes, most the time, you don't need to diagnose the car when it arrives. The car -- this is like, again, a fundamental technology advantage and structural advantage compared to the rest of the auto industry.",,,management_discussion,musk,2.0,0.0,0.05714285714285714,35.0
42,Vaibhav Taneja,"I think it's underappreciated as to what all we are able to do. And that's why -- because like I said before, most of our cars, except for Cybertruck, look the same so people don't realize that it has so much capability.",,,management_discussion,executive,1.0,0.0,0.024390243902439025,41.0
43,Elon Musk,"Better than other cars, but they're not like obviously super futuristic.",,,management_discussion,musk,1.0,0.0,0.09090909090909091,11.0
44,Travis Axelrod,"Great. Thanks very much. The next question is, please provide an update on the semi. What will the next stage growth look like and when will ready?",,,management_discussion,executive,0.0,1.0,-0.037037037037037035,27.0
45,Lars Moravy,"Sure. So as you -- we posted an earnings we're progressing something on the build of the Semi factory our data factory in Reno. We've released all our major cash flow expenditures for that program, and we're on track to start pilot builds in the second half of next year with production starting in the first half of 2026 and ramping really throughout the year to full production. Semi growth will largely depend on our customers' adoption of the product.",,,management_discussion,executive,1.0,0.0,0.01282051282051282,78.0
46,Elon Musk,"Well, I don't think we're going to be limited.",,,management_discussion,musk,0.0,0.0,0.0,9.0
47,Lars Moravy,"Yes, what a which is like semi because it's really a commodity of total cost of",,,management_discussion,executive,0.0,0.0,0.0,16.0
48,Elon Musk,"Yes, exactly. We have kind of ridiculous demand for the Semi.",,,management_discussion,musk,0.0,0.0,0.0,11.0
49,Lars Moravy,In that where it's about how much do I spend to testing per mile. It's a no-brainer.,,,management_discussion,executive,0.0,0.0,0.0,18.0
50,Elon Musk,"Yes. Fundamentally, if you've got a Semi, the fully considered cost per mile per ton of transport is better than a diesel truck. Any company that doesn't adopt an electric semi will lose. It's not a subjective thing. It's like whether do you like competitive  we want the stat we want to have a good old semi truck. But frankly, if we made an would it matter?",,,management_discussion,musk,2.0,1.0,0.014925373134328358,67.0
51,Lars Moravy,"And this is proving so in our fleets and partner. In fact, Pepsi you actually said last week [indiscernible] nobody want their drivers don't want to go back.",,,management_discussion,executive,0.0,0.0,0.0,28.0
52,Elon Musk,"As soon as we gave anyone at the electric Semi, that's like the choice.",,,management_discussion,musk,0.0,0.0,0.0,14.0
53,Lars Moravy,It's what they want to drive.,,,management_discussion,executive,0.0,0.0,0.0,6.0
54,Elon Musk,"Yes, yes. That's like -- so the more senior, like they're top drivers. Well, they get to drive a Tesla Semi. It's the thing they want to drive. It's super fun to drive.",,,management_discussion,musk,0.0,0.0,0.0,32.0
55,Lars Moravy,It's also very easy to drive.,,,management_discussion,executive,1.0,0.0,0.16666666666666666,6.0
56,Elon Musk,It's easy to drive and it hauls a**. And it's like fast.,,,management_discussion,musk,1.0,0.0,0.08333333333333333,12.0
57,Lars Moravy,"Super fast, maybe too fast.",,,management_discussion,executive,0.0,0.0,0.0,5.0
58,Elon Musk,"Well, but I mean like you've seen like the videos that were like the like, some like can you uphill here as speeding fast like the diesel truck.  Yes, in cars. So like it's responsive. It's -- you floor it and the truck actually.",,,management_discussion,musk,0.0,0.0,0.0,43.0
59,Lars Moravy,"And that's a benefit only for the driver and for the goods, but also for safety in terms of other drivers on the road. You don't get stuck behind the Semi, you're not like in a slowdown situation in the I mean how that plays into FSD, which is the second part of the question, all of this is have been a couple of hundred we've deployed already and the ones that we'll be building next year and throughout the future, how all of the hardware and the camera is necessary to deploy FSD and we're currently training with that small we have. And as soon as the fleet is trained and the neural that there up, we'll get FSD onto that platform.",,,management_discussion,executive,0.0,2.0,-0.016260162601626018,123.0
60,Elon Musk,Yes. I mean there would be a mass improvement in driver fatigue because -- and driver safety. We've got sort of the anti-jack knifing software. You don't have to worry about your brakes overheating if you go down a steep hill because we generating that energy goes back and into the pack. It's just like -- it's like radically better than a diesel is what the drivers love it.,,,management_discussion,musk,2.0,1.0,0.014705882352941176,68.0
61,Travis Axelrod,Great. Our next question is when will Tesla incorporate X and Grok in all Tesla vehicles?,,,management_discussion,executive,0.0,1.0,-0.0625,16.0
62,Elon Musk,"I mean, these are relatively small things. But yes, I think we'll keep expanding what is available in the car on the screen. And also improving like the browser so like just generally, you can access anything you want in the car. In fact, for the Tesla, once you get to full autonomy, you actually want fully a system that is -- can do anything.
Like if you want to browse the Internet, if you want to ask AI questions, if you want to watch a movie, if you want to play a video game, if you wanted to do some productivity thing, you can do anything you want in an autonomous vehicle because you don't need to drive. So that's why the Cybercab's got a nice big screen and a great sound system. So you can watch it, watch you're moving with. It's like being in a personal movie theater.",,,management_discussion,musk,1.0,1.0,0.0,150.0
63,Unknown Executive,"Yes, this is why we've been building this functionality. I think gaming to the car, adding and other -- all sorts of different media applications of the car because  that's what you're going to -- that's yes, the cars that will be built today.",,,management_discussion,other,0.0,0.0,0.0,42.0
64,Elon Musk,"Fun games, by the way, people haven't tried it. There's like Castle and Polatopia and a bunch of really fun games in the car.",,,management_discussion,musk,0.0,0.0,0.0,24.0
65,Unknown Executive,We're constantly looking at what features to add next and we're paying attention to what's most commonly requested by our customers.,,,management_discussion,other,0.0,0.0,0.0,21.0
66,Elon Musk,"Yes. Play Castle, want --",,,management_discussion,musk,0.0,0.0,0.0,4.0
67,Travis Axelrod,"Great. The next question is, Elon mentioned unsupervised FSD in California and Texas next year. Does that mean regulators have agreed to it in the entire state for existing hardware 3 and 4 vehicles?",,,management_discussion,executive,0.0,1.0,-0.03125,32.0
68,Elon Musk,"As I said earlier, California loves regulation.",,,management_discussion,musk,0.0,0.0,0.0,7.0
69,Unknown Executive,But they have a pathway.,,,management_discussion,other,0.0,0.0,0.0,5.0
70,Elon Musk,"Yes. I mean, there's a pathway. Obviously, Waymo operates in California so there's just a lot of forms and a lot of approvals that are required. I mean, I'd be shocked if we don't get approved next year, but it's just not something we totally control. But I think we will get approval next year in California and Texas. And towards the Bay Area, branch out beyond California and Texas.",,,management_discussion,musk,0.0,1.0,-0.014285714285714285,70.0
71,Lars Moravy,"I mean, I think it's important to reiterate this like on our certifying a vehicle at the federal level in the U.S. is done by meeting FMVSS regulations. Our vehicles today that are produced there capable to meet all those regulations, the Cybercab regulations. And so the deployment of the vehicle to the road is no limitation, but its limitation is what you said at the state level where they control autonomous vehicle deployment.
Some states are relatively easy, as you mentioned, for Texas. It's other ones have always like California that may take a little longer. The other ones hadn't set up anything yet. And so we will work on those state by state in the.",,,management_discussion,executive,1.0,2.0,-0.00847457627118644,118.0
72,Elon Musk,I do think we should have a federal. Like autonomous vehicles should be approved. It should be possible to.,,,management_discussion,musk,0.0,0.0,0.0,19.0
73,Lars Moravy,"Congress, if you're listening, let's get the federal AV",,,management_discussion,executive,0.0,0.0,0.0,9.0
74,Elon Musk,"There should be a federal approval process for autonomous vehicles. I mean, that's how the FMVSS has started to work Federal Motor Vehicle Federal",,,management_discussion,musk,0.0,0.0,0.0,24.0
75,Unknown Executive,"Yes. So I mean, in 2017 and '18 is when the regulators started looking at it, and it's really kind of stalled since then, but we would appreciate and would support helping out the --",,,management_discussion,other,0.0,0.0,0.0,33.0
76,Elon Musk,"It really needs to be like a national approval is important. There's a partner of government efficiency, I'll try to help make that moving. And it took for every one, not just Tesla. But just like some things in the U.S. are state-by-state regulated like, for example, insurance, like incredibly to do it state by state for 50 states. And I think we should have this national approval process for autonomy.",,,management_discussion,musk,2.0,0.0,0.0273972602739726,73.0
77,Travis Axelrod,"Great. The next question is, what is the plan for 2025?",,,management_discussion,executive,0.0,1.0,-0.1,10.0
78,Ashok Elluswamy,"I mean, basically, we talked through this. There's a lot going on. Elon already mentioned that we're working on cheaper models to come out. I mean, there are work which the team is doing to get the factories ready today to try and make that happen on .",,,management_discussion,executive,0.0,0.0,0.0,47.0
79,Elon Musk,Yes. the matter we're required to make a lower-cost car is insanely high. But like it is harder to get like 20% of the cost out of a car than it is to design the car and build an entire factory in the first place. It's like excruciating. And there's not a lot of movies made about the heroes who got 20% of the cost out of a car. But let me tell you there should be.,,,management_discussion,musk,0.0,0.0,0.0,76.0
80,Elon Musk,"[indiscernible] can cut that is incredibly your own. -- little changes in it's not like guess. Yes, it's like there should be the heroes go 20% cost out of the cars, like  respect to them. moving. I think you only could make a compelling movie, but it just -- like if you actually saw are, if people actually saw our heart was to do that, you'd be like, wow, that's.",,,management_discussion,musk,1.0,1.0,0.0,67.0
81,Unknown Executive,"Just yesterday, we were talking about.",,,management_discussion,other,0.0,0.0,0.0,6.0
82,Elon Musk,"Honestly, literally, I mean, there's a lot of -- when I do go sort of like getting cost out things is kind of like -- it's like a game of penny, so it's like, bu pennies. First approximation, if you're about 10,000 items in a car, very rough approximation. And each of them cost $4, then you have a $40,000 car. So do you want to make a $35,000 car, you're going to get $0.50 on average out of the 10,000 items.",,,management_discussion,musk,0.0,0.0,0.0,74.0
83,Unknown Executive,"Every time, every part.",,,management_discussion,other,0.0,0.0,0.0,4.0
84,Elon Musk,"Yes. It's like -- and then obviously, the best is to lead some parts. The able to leave a lot of parts. I'm very excited about the Cybercab design and the -- how we're rethinking the design of a car from the Cybercab. Designing it while also have volume production and then design a machine that the machine that I think is also revolutionary. And it's just -- there's no other car company that's even trying to do what we're doing, like uneven heard of actually. In fact, I'm certain there isn't 1.
Like I think on your machine [indiscernible] the machine, it's inherent like it's -- it's designed to be like 5x better than traditional factory like cycle time",,,management_discussion,musk,4.0,0.0,0.034782608695652174,115.0
85,Unknown Executive,"Cycle time and like part deletion. I don't think any other car company has the same level of like integration of thought that we have when it comes to like when you design a part from a paper, who's going to make it? Where is it going to be made? How is it going to be shipped? How is it going to be assembled into the vehicle? At any 1 point if something is done in the silo, it becomes a bottleneck of either cost or time or efficiency, but with the robotaxi development, like we've done a good job on the combining all that and then like blowing up how it's made and saying it should be made this way and rethinking it also that it's the most efficient factory possible. That shows our -- it will see our CapEx efficiency when we deploy it shows in the number of parts, simplicity of vehicle but also help performance in terms of like end user state.",,,management_discussion,other,4.0,1.0,0.018292682926829267,164.0
86,Vaibhav Taneja,"Yes.  Just to close out, just on the emerging front also in '25, we will have started manufacturing of car. We'll continue to increase our storage deployments with Powerwall 3. We plan to continue expanding our supercharging network, getting more OEMs on our network, 4680  that as Elon talked about, that would keep going. And then also we'll have our lithium refinery starting to produce. So there's a lot which is going on.",,,management_discussion,executive,0.0,0.0,0.0,71.0
87,Elon Musk,"Yes, so many things. Like crazy thing is like Tesla is winning basically on almost every single thing we're doing. If we're not running now, we're in a  where their entire large companies, that's the only thing they do.",,,management_discussion,musk,1.0,0.0,0.02564102564102564,39.0
88,Vaibhav Taneja,"Yes. I mean, it's a company -- there are multiple companies within the company.",,,management_discussion,executive,0.0,0.0,0.0,13.0
89,Elon Musk,Yes. Tesla's like many companies in 1.,,,management_discussion,musk,0.0,0.0,0.0,6.0
90,Travis Axelrod,"Yes. Guys, just a few more. What is going on with the Tesla Roadster?",,,management_discussion,executive,0.0,0.0,0.0,14.0
91,Elon Musk,"Some things. Well, I just thought to go back to our long-suffering deposit holders of the Tesla Roadster. The reason it hasn't come out yet is because it is -- Roadster is not just icing on the cake, it's the cherry on the icing on the cake. And so our larger mission is to accelerate the progress towards a sustainable energy future, trying to do things that maximize probably the future is good for humanity and for Earth.
And so that necessarily means that like the things like that are deserved. We'd like -- we'd all love to work on the Tesla -- next-gen -- it is super fun. And we are working on it, but it has to come behind the more things that have a more serious impact on the of the world. So just thank you to all our long-suffering Tesla Roadster deposit holders. And we are actually finally making progress on that. And we're close to finalizing the design on it.",,,management_discussion,musk,3.0,3.0,0.0,164.0
92,Elon Musk,"It's really going to be something spectacular, mind and some like Peter Telaria we're really good friends. Peter was lamenting how the future doesn't have flying cars. Well, we'll see. More to come.",,,management_discussion,musk,2.0,0.0,0.06060606060606061,33.0
93,Travis Axelrod,"Yes. . The next 1 is quite similar to other questions you've had. So when I combine it with the final question. So briefly, could you just detail how Robotaxi will roll out? Will it start with a Tesla deployed fleet and then allow customers to add theirs on the subscription model, and then we'll Hardware 3 capable of this.",,,management_discussion,executive,0.0,2.0,-0.03508771929824561,57.0
94,Ashok Elluswamy,"Regarding the hardware 3, what we saw with was, it was easier to make a progress with starting with hardware 4 and on the solution and backporting to Hardware 3 instead of directly working on Hardware 3 given that hardware 4 was more like fundamental hardware capabilities. I think that trend will continue into the next few quarters as well by the first solution rapidly with hardware 4 and then backwardate and it just takes longer to those things because it's not fundamentally supported in the hardware and it's emulated. But yes, initially working on hardware 4, backwarding it to hardware 3.",,,management_discussion,executive,2.0,0.0,0.02127659574468085,94.0
95,Elon Musk,"Yes. So answer is we're not 100% sure, but as Ashok mentioned, because by some measure, Hardware 4 has really several times the capability of Hardware 3. It's easier to get things to work with then it takes a lot of effort to sort of squeeze that box analyst hat Hardware 3. And  there is some chance that Hardware 3 is -- does not achieve the safety level that allows for unsupervised FSD. There is some chance of that.
And if that turns out to be the case, we will upgrade those group bought Hardware 3 FSD for free. And we have designed the system to be upgradeable so it's really just to sort of switch out the computer thing, the camera, the cameras are capable. But we don't actually know the answers of that. But if it does turn out, we'll make sure we take care of those who are what is th.",,,management_discussion,musk,2.0,0.0,0.013605442176870748,147.0
96,Travis Axelrod,"Great. And in the last few minutes that we have left, we will try to get in some analyst questions. The first question will be coming from Pierre Ferragu at New Street. Pierre, please feel free to unmute yourself.",,,management_discussion,executive,0.0,2.0,-0.05128205128205128,39.0
97,Pierre Ferragu,"I was wondering about like the compute you're ramping up. So you gave like interesting statistics on how much you have and you said you don't feel your compute constrained. And I was wondering how you are putting to work this additional compute. Is that a game for you of creating like larger and larger models like next generation of models that are larger the way OpenAI go from GPT-3 to GPT-4? Or is that more like you're set on your model and you need to throw more and more compute to accelerate the pace of learning to improve reliability.
And then I had a quick follow-up real quick on your rollout in Texas and in California next year. The plan, as you see today, is it to roll out like a fleet or 2 with cars that will start with like a supervisory like some onboard supervision, someone sitting at the wheel just in case and removing the supervisors progressively? Or are you aiming for going fully fledged without even a human supervisor when you get started?",,,question_answer,analyst,1.0,0.0,0.0056179775280898875,178.0
98,Elon Musk,"Okay. Well, I guess regarding -- the first part of the question, The nature of real world AI is different from LLM in that you have a massive amount of context. So like the -- you've got a case of Tesla cameras that [indiscernible] if you include tunnel camera that -- so you've got some context. And that is then distilled down into a small number of control outputs, whereas it's like it's very rare to have, in fact, I'm not sure any LLM out there can do gigabytes of context.
And then you've got to then process that in the car with a very small amount of compute power. So it's all doable and it's happening, but it is a different problem than what, say, a Gemini or OpenAI is doing. And now part of the way you can make up for the fact that the inference computer is quite small. It is by spending a lot of effort on training. And just like a human the way you train on something, the less metal work takes when you try to -- when you do it, like when the first time like a driving it absolves your whole mind.
But then as you train more and more on driving different than the driving becomes a background task. It doesn't -- it only solves a small amount of your mental capacity because you have a lot of training. So we can make up for the fact that the insurance computers -- it's tiny compared to a 10-kilowatt bank of GPUs because you've got a few hundred watts of inference compute. We can make up that with heavy training.
So yes, that's -- and then there's also vast amounts to the actual petabytes of data coming in tremendous. And then sorting out what training is important of the vast amounts of video training video data coming complete what is actually most important for trading. That's quite difficult. But as I said, we're not currently training compute constraint. -- had you want levering",,,question_answer,musk,2.0,3.0,-0.003003003003003003,333.0
99,Ashok Elluswamy,"Like you mentioned, the training has both an large models, also the trend quicker. But in the end, we still got to take which models are performing better. So the validation network to picking the models because as mentioned this pretty large. We had to drive a lot of miles going close to. We do have simulation and other ways to get those metrics.
Those 2 help, but in the end, that's a big bottleneck. That's why we're not trying to compete constraint alone. And there's other access of scaling as well, which is a data figuring office as more useful. That is an important as focusing on that.",,,question_answer,executive,1.0,1.0,0.0,108.0
100,Unknown Executive,"Yes. So as it relates to the second part of your question, Pierre, about safety drivers and rolling it out. Each state has different requirements in terms of how many miles and how much time you need to have a safety driver and not have a safety driver. We're going to follow all those were not regulations are out there. But safety is a priority. But the goal is obviously at when we're ready and safety is there, we'll address from the",,,question_answer,other,0.0,1.0,-0.012195121951219513,82.0
101,Elon Musk,"Yes. I mean, I guess like we think that we'll be able to have driverless Teslas during paid rides next year, sometime next year.",,,question_answer,musk,1.0,0.0,0.041666666666666664,24.0
102,Travis Axelrod,"Thank you. And our next question comes from Adam Jonas at Morgan Stanley. Adam, please feel free to unmute yourself.",,,question_answer,executive,0.0,1.0,-0.05,20.0
103,Adam Jonas,"I just had a question about the relationship between Tesla and xAI. Many investors are still not clear how the work at xAI is truly beneficial to Tesla. Some even take the view that the 2 companies may even be in competition with each other in terms of talent and tech and even your time, Elon. So what's your message to investors on that relationship between Tesla and xAI? And where do you see it going over time?",,,question_answer,analyst,0.0,1.0,-0.012987012987012988,77.0
104,Elon Musk,"Well, I should say that xAI has been helpful to Tesla AI quite a few times in terms of things like scaling it, bought it, like training, just even like recently in the last week or so, improvements in training, where if you're doing a big training 1 and it fails, be able to continue training and is to recover from a training on has been pretty helpful.
But there are different problems. xAI actually is working on artificial general intelligence or artificial super intelligence. Tesla's autonomous cars and autonomous robots. There are different problems. So yes, I mean",,,question_answer,musk,2.0,3.0,-0.01020408163265306,98.0
105,Ashok Elluswamy,"I think we've said this before also, like not all AI is equal, right? I mean, AI is a broad spectrum. And we have our also in lets Yes, there are certain things which we can collaborate on if needed. But for the most part, we're wanting different issues.",,,question_answer,executive,1.0,0.0,0.02040816326530612,49.0
106,Elon Musk,"Yes, Tesla is focused on real-world And I was saying earlier, it is quite a bit different from -- but you have massive context in the board video and some amount of audio, that's going to be instilled like extremely efficient inference compute. I do think Tesla is the most efficient in the world in terms of inference compute like because of necessity, we have to be very good at efficient firms. We can't put 10 kilowatts of GPUs in a car. We've got a couple of hundred watts. And it's pretty well designed Tesla AI chip, but it's still a couple under.",,,question_answer,musk,4.0,0.0,0.0392156862745098,102.0
107,Elon Musk,"But there are different problems. I mean, this to that ad is like we just running in burns. I mean, it is running in question, just answering questions on a 10-kilowatt rank. It's like put that in a car. It's a different pole.  No, exactly. So AI is because I felt there wasn't there wasn't a truth-seeking digital super intelligence company out there, like that's what it came down to.
They needed to be a true set like an AI company that is very reversed about make. I'm not saying xAI is perfect but that is at least the elaboration even if something is corrected would still be fruitful. I think this is very important for. So I think and I will -- it has been helpful to Tesla and will continue to be helped to Tesla, but they are very different problems.
And as in like what is -- like what other cloud company has a world-class chip design team? Like 0. What other cloud company has a world-class AI team like Tesla does? 0. Those were all startups that greater or scratch.",,,question_answer,musk,1.0,5.0,-0.02185792349726776,183.0
108,Travis Axelrod,"Great. Thank you, Elon. And I think that's, unfortunately, all the time that we have for today. We appreciate all your questions, and we look forward to hearing from you next quarter. Thank you very much, and goodbye.",,,question_answer,executive,0.0,2.0,-0.05263157894736842,38.0
